Marktplatz-20180412-151302.mp4,2018-04-12 13:13:02,2018-04-12 13:16:07.006000
Marktplatz-20180411-111306.mp4,2018-04-11 09:13:06,2018-04-11 09:16:15.976667
Marktplatz-20180411-191310.mp4,2018-04-11 17:13:10,2018-04-11 17:16:19.936667
Marktplatz-20180421-155302.mp4,2018-04-21 13:53:02,2018-04-21 13:56:06.972667
Marktplatz-20180421-215306.mp4,2018-04-21 19:53:06,2018-04-21 19:56:15.936667
Marktplatz-20180421-075306.mp4,2018-04-21 05:53:06,2018-04-21 05:56:10.972667
Marktplatz-20180420-135306 2.mp4,2018-04-20 11:53:06,2018-04-20 11:56:16.011000
Marktplatz-20180410-191302.mp4,2018-04-10 17:13:02,2018-04-10 17:16:01.967667
Marktplatz-20180411-011302.mp4,2018-04-10 23:13:02,2018-04-10 23:16:01.967667
Marktplatz-20180421-235307.mp4,2018-04-21 21:53:07,2018-04-21 21:56:16.937667
Marktplatz-20180411-201306.mp4,2018-04-11 18:13:06,2018-04-11 18:16:15.977667
Marktplatz-20180412-061306 2.mp4,2018-04-12 04:13:06,2018-04-12 04:16:10.938333
Marktplatz-20180410-231301.mp4,2018-04-10 21:13:01,2018-04-10 21:16:05.972667
Marktplatz-20180420-185301 2.mp4,2018-04-20 16:53:01,2018-04-20 16:56:05.932667
Marktplatz-20180412-041306.mp4,2018-04-12 02:13:06,2018-04-12 02:16:10.972667
Marktplatz-20180410-151302.mp4,2018-04-10 13:13:02,2018-04-10 13:16:06.966667
Marktplatz-20180420-085306.mp4,2018-04-20 06:53:06,2018-04-20 06:56:15.977667
Marktplatz-20180421-185303.mp4,2018-04-21 16:53:03,2018-04-21 16:56:07.972667
Marktplatz-20180420-175306.mp4,2018-04-20 15:53:06,2018-04-20 15:56:15.936667
Marktplatz-20180411-041306.mp4,2018-04-11 02:13:06,2018-04-11 02:16:10.938333
Marktplatz-20180410-181302.mp4,2018-04-10 16:13:02,2018-04-10 16:16:06.939333
Marktplatz-20180411-081305.mp4,2018-04-11 06:13:05,2018-04-11 06:16:14.976667
Marktplatz-20180420-075305.mp4,2018-04-20 05:53:05,2018-04-20 05:56:14.936667
Marktplatz-20180420-015306.mp4,2018-04-19 23:53:06,2018-04-19 23:56:15.976667
Marktplatz-20180412-061306.mp4,2018-04-12 04:13:06,2018-04-12 04:16:10.938333
Marktplatz-20180412-051307.mp4,2018-04-12 03:13:07,2018-04-12 03:16:16.976667
Marktplatz-20180421-145306.mp4,2018-04-21 12:53:06,2018-04-21 12:56:10.960667
Marktplatz-20180421-075306 2.mp4,2018-04-21 05:53:06,2018-04-21 05:56:10.972667
Marktplatz-20180421-045303.mp4,2018-04-21 02:53:03,2018-04-21 02:56:07.971667
Marktplatz-20180420-145306.mp4,2018-04-20 12:53:06,2018-04-20 12:56:15.944333
Marktplatz-20180411-051305.mp4,2018-04-11 03:13:05,2018-04-11 03:16:14.976667
Marktplatz-20180411-231303.mp4,2018-04-11 21:13:03,2018-04-11 21:16:07.938333
Marktplatz-20180420-205305.mp4,2018-04-20 18:53:05,2018-04-20 18:56:14.976667
Marktplatz-20180412-121303 2.mp4,2018-04-12 10:13:03,2018-04-12 10:16:07.972667
Marktplatz-20180421-035304.mp4,2018-04-21 01:53:00,2018-04-21 01:56:04.972667
Marktplatz-20180421-005304.mp4,2018-04-20 22:53:00,2018-04-20 22:56:09.976667
Marktplatz-20180420-065305 2.mp4,2018-04-20 04:53:05,2018-04-20 04:56:09.972667
Marktplatz-20180410-171307.mp4,2018-04-10 15:13:07,2018-04-10 15:16:16.937667
Marktplatz-20180420-115306.mp4,2018-04-20 09:53:06,2018-04-20 09:56:15.976667
Marktplatz-20180420-225305 2.mp4,2018-04-20 20:53:05,2018-04-20 20:56:04.968667
Marktplatz-20180420-065305.mp4,2018-04-20 04:53:05,2018-04-20 04:56:09.972667
Marktplatz-20180420-095306.mp4,2018-04-20 07:53:06,2018-04-20 07:56:15.977667
Marktplatz-20180411-101303.mp4,2018-04-11 08:13:03,2018-04-11 08:16:07.939333
Marktplatz-20180421-085303.mp4,2018-04-21 06:53:03,2018-04-21 06:56:07.972667
Marktplatz-20180412-131301.mp4,2018-04-12 11:13:01,2018-04-12 11:16:05.932667
Marktplatz-20180420-125305 2.mp4,2018-04-20 10:53:05,2018-04-20 10:56:14.976667
Marktplatz-20180411-091303.mp4,2018-04-11 07:13:03,2018-04-11 07:16:07.972667
Marktplatz-20180420-025303.mp4,2018-04-20 00:53:03,2018-04-20 00:56:07.972667
Marktplatz-20180421-065304 2.mp4,2018-04-21 04:53:04,2018-04-21 04:56:08.972667
Marktplatz-20180421-055303.mp4,2018-04-21 03:53:03,2018-04-21 03:56:07.938333
Marktplatz-20180421-225305.mp4,2018-04-21 20:53:05,2018-04-21 20:56:14.976667
Marktplatz-20180412-161305 2.mp4,2018-04-12 14:13:05,2018-04-12 14:16:14.977667
Marktplatz-20180421-155302 2.mp4,2018-04-21 13:53:02,2018-04-21 13:56:06.972667
Marktplatz-20180411-001307.mp4,2018-04-10 22:13:07,2018-04-10 22:16:17.010000
Marktplatz-20180412-001306.mp4,2018-04-11 22:13:06,2018-04-11 22:16:10.971667
Marktplatz-20180412-221302.mp4,2018-04-12 20:13:02,2018-04-12 20:16:06.971667
Marktplatz-20180421-025306.mp4,2018-04-21 00:53:06,2018-04-21 00:56:15.977667
Marktplatz-20180411-161303.mp4,2018-04-11 14:13:03,2018-04-11 14:16:12.970667
Marktplatz-20180412-161305.mp4,2018-04-12 14:13:05,2018-04-12 14:16:14.977667
Marktplatz-20180410-161302.mp4,2018-04-10 14:13:02,2018-04-10 14:16:06.972667
Marktplatz-20180412-121303.mp4,2018-04-12 10:13:03,2018-04-12 10:16:07.972667
Marktplatz-20180421-105306.mp4,2018-04-21 08:53:06,2018-04-21 08:56:10.972667
Marktplatz-20180420-045307.mp4,2018-04-20 02:53:07,2018-04-20 02:56:16.936667
Marktplatz-20180412-211306.mp4,2018-04-12 19:13:06,2018-04-12 19:16:15.977667
Marktplatz-20180420-035306 2.mp4,2018-04-20 01:53:06,2018-04-20 01:56:10.972667
Marktplatz-20180412-091305.mp4,2018-04-12 07:13:05,2018-04-12 07:16:14.976667
Marktplatz-20180411-181307.mp4,2018-04-11 16:13:07,2018-04-11 16:16:16.977667
Marktplatz-20180420-225305.mp4,2018-04-20 20:53:05,2018-04-20 20:56:04.968667
Marktplatz-20180410-211303.mp4,2018-04-10 19:13:03,2018-04-10 19:16:17.981667
Marktplatz-20180412-231307.mp4,2018-04-12 21:13:07,2018-04-12 21:16:16.976667
Marktplatz-20180411-031303.mp4,2018-04-11 01:13:03,2018-04-11 01:16:07.972667
Marktplatz-20180420-005303.mp4,2018-04-19 22:53:03,2018-04-19 22:56:07.939333
Marktplatz-20180412-101305.mp4,2018-04-12 08:13:05,2018-04-12 08:16:14.944333
Marktplatz-20180421-165307.mp4,2018-04-21 14:53:07,2018-04-21 14:56:11.971667
Marktplatz-20180420-215306.mp4,2018-04-20 19:53:06,2018-04-20 19:56:16.016667
Marktplatz-20180412-201306.mp4,2018-04-12 18:13:06,2018-04-12 18:16:15.976667
Marktplatz-20180412-191302.mp4,2018-04-12 17:13:02,2018-04-12 17:16:11.939667
Marktplatz-20180412-021302 2.mp4,2018-04-12 00:13:02,2018-04-12 00:16:06.972667
Marktplatz-20180412-171306.mp4,2018-04-12 15:13:06,2018-04-12 15:16:10.972667
Marktplatz-20180412-021302.mp4,2018-04-12 00:13:02,2018-04-12 00:16:06.972667
Marktplatz-20180411-151305.mp4,2018-04-11 13:13:05,2018-04-11 13:16:09.972667
Marktplatz-20180412-011306.mp4,2018-04-11 23:13:06,2018-04-11 23:16:15.936667
Marktplatz-20180421-065304.mp4,2018-04-21 04:53:00,2018-04-21 04:56:04.972667
Marktplatz-20180420-055305.mp4,2018-04-20 03:53:05,2018-04-20 03:56:09.971667
Marktplatz-20180420-005303 2.mp4,2018-04-19 22:53:03,2018-04-19 22:56:07.939333
Marktplatz-20180420-235306.mp4,2018-04-20 21:53:06,2018-04-20 21:56:11.006000
Marktplatz-20180420-205305 2.mp4,2018-04-20 18:53:05,2018-04-20 18:56:14.976667
Marktplatz-20180420-135306.mp4,2018-04-20 11:53:06,2018-04-20 11:56:16.011000
Marktplatz-20180410-141306.mp4,2018-04-10 12:13:06,2018-04-10 12:16:15.977667
Marktplatz-20180412-151302.mp4,2018-04-12 13:13:02,2018-04-12 13:16:11.977667
Marktplatz-20180410-221308.mp4,2018-04-10 20:13:08,2018-04-10 20:16:17.977667
Marktplatz-20180411-131303.mp4,2018-04-11 11:13:03,2018-04-11 11:16:07.958667
Marktplatz-20180412-111303.mp4,2018-04-12 09:13:03,2018-04-12 09:16:07.972667
Marktplatz-20180411-071305.mp4,2018-04-11 05:13:05,2018-04-11 05:16:09.932667
Marktplatz-20180411-061301.mp4,2018-04-11 04:13:01,2018-04-11 04:16:10.936667
Marktplatz-20180421-205303.mp4,2018-04-21 18:53:03,2018-04-21 18:56:07.972667
Marktplatz-20180420-125305 2.mp4,2018-04-20 10:53:05,2018-04-20 10:56:09.972667
Marktplatz-20180412-181302.mp4,2018-04-12 16:13:02,2018-04-12 16:16:06.972667
Marktplatz-20180421-135306 2.mp4,2018-04-21 11:53:06,2018-04-21 11:56:10.972667
Marktplatz-20180410-201305.mp4,2018-04-10 18:13:05,2018-04-10 18:16:09.972667
Marktplatz-20180421-175306.mp4,2018-04-21 15:53:06,2018-04-21 15:56:10.972667
Marktplatz-20180421-175306 2.mp4,2018-04-21 15:53:06,2018-04-21 15:56:10.972667
Marktplatz-20180411-021302.mp4,2018-04-11 00:13:02,2018-04-11 00:16:06.972667
Marktplatz-20180421-015304.mp4,2018-04-20 23:53:00,2018-04-20 23:56:04.931667
Marktplatz-20180411-211306.mp4,2018-04-11 19:13:06,2018-04-11 19:16:15.976667
Marktplatz-20180421-125306.mp4,2018-04-21 10:53:06,2018-04-21 10:56:10.931667
Marktplatz-20180421-195302.mp4,2018-04-21 17:53:02,2018-04-21 17:56:11.937667
Marktplatz-20180420-125305.mp4,2018-04-20 10:53:05,2018-04-20 10:56:14.976667
Marktplatz-20180421-135306.mp4,2018-04-21 11:53:06,2018-04-21 11:56:10.972667
Marktplatz-20180412-031306.mp4,2018-04-12 01:13:06,2018-04-12 01:16:15.937667
Marktplatz-20180420-195306.mp4,2018-04-20 17:53:06,2018-04-20 17:56:15.977667
Marktplatz-20180420-105303.mp4,2018-04-20 08:53:03,2018-04-20 08:56:07.971667
Marktplatz-20180420-155302.mp4,2018-04-20 13:53:02,2018-04-20 13:56:06.939333
Marktplatz-20180411-221306.mp4,2018-04-11 20:13:06,2018-04-11 20:16:15.977667
Marktplatz-20180411-121303.mp4,2018-04-11 10:13:03,2018-04-11 10:16:07.972667
Marktplatz-20180411-171305.mp4,2018-04-11 15:13:05,2018-04-11 15:16:09.972667
Marktplatz-20180412-081301.mp4,2018-04-12 06:13:01,2018-04-12 06:16:10.976667
Marktplatz-20180420-045307 2.mp4,2018-04-20 02:53:07,2018-04-20 02:56:16.936667
Marktplatz-20180412-081301 2.mp4,2018-04-12 06:13:01,2018-04-12 06:16:10.976667
Marktplatz-20180412-141303.mp4,2018-04-12 12:13:03,2018-04-12 12:16:07.965667
Marktplatz-20180420-165306.mp4,2018-04-20 14:53:06,2018-04-20 14:56:15.936667
Marktplatz-20180411-141302.mp4,2018-04-11 12:13:02,2018-04-11 12:16:06.972667
Marktplatz-20180421-115303.mp4,2018-04-21 09:53:03,2018-04-21 09:56:07.939333
Marktplatz-20180412-071306.mp4,2018-04-12 05:13:06,2018-04-12 05:16:15.977667
Marktplatz-20180420-185301.mp4,2018-04-20 16:53:01,2018-04-20 16:56:05.932667
Marktplatz-20180421-095307.mp4,2018-04-21 07:53:07,2018-04-21 07:56:16.977667
Marktplatz-20180421-015304 2.mp4,2018-04-20 23:53:04,2018-04-20 23:56:08.931667
Marktplatz-20180420-035306.mp4,2018-04-20 01:53:06,2018-04-20 01:56:10.972667
Marktplatz-20180411-011302.mp4,2018-04-10 23:13:02,2018-04-10 23:16:06.971667
